dbn,school_name,building_ids
01M015,P.S. 015 Roberto Clemente,M015
01M063,The STAR Academy - P.S.63,M063
01M064,P.S. 064 Robert Simon,M064
01M142,P.S. 142 Amalia Castro,M142
01M188,P.S. 188 The Island School,M188
01M292,Orchard Collegiate Academy,M056
01M315,The East Village Community School,M061
01M332,University Neighborhood Middle School,M056
01M361,The Children's Workshop School,M061
01M363,Neighborhood School,M063
01M364,Earth School,M064
01M378,School for Global Leaders,M025
01M450,East Side Community School,M060
01M458,Forsyth Satellite Academy,M510
01M515,Lower East Side Preparatory High School,M025
01M650,Cascades High School,M510
01M839,Tompkins Square Middle School,M064
02M033,P.S. 033 Chelsea Prep,M033
02M040,P.S. 040 Augustus Saint-Gaudens,M040
02M047,47 The American Sign Language and English Secondary School,M047
02M051,P.S. 051 Elias Howe,M338
02M059,P.S. 059 Beekman Hill International,M488
02M077,P.S. 77 Lower Lab School,M198
02M089,P.S. 89,M089
02M111,P.S. 111 Adolph S. Ochs,M111
02M114,East Side Middle School,M114
02M131,M.S. 131,M131
02M135,The Urban Assembly School for Emergency Management,M520
02M139,Stephen T. Mather Building Arts & Craftsmanship High School,M625
02M158,P.S. 158 Bayard Taylor,M158
02M177,Yorkville East Middle School,M158
02M198,P.S. 198 Isador E. Ida Straus,M198
02M212,P.S. 212 Midtown West,M017
02M225,Ella Baker School,M480
02M255,M.S. 255 Salk School of Science,M040
02M276,Battery Park City School,M276
02M280,Manhattan Early College School for Advertising,M520
02M281,The River School,M281
02M282,Urban Assembly Maker Academy,M520
02M288,Food and Finance High School,M535
02M289,I.S. 289,M089
02M294,Essex Street Academy,M445
02M296,High School of Hospitality Management,M535
02M297,M.S. 297,M323
02M298,Pace High School,M131
02M300,"Urban Assembly School of Design and Construction, The",M535
02M303,"Facing History School, The",M535
02M305,"Urban Assembly Academy of Government and Law, The",M445
02M308,Lower Manhattan Arts Academy,M445
02M312,New York City Lab Middle School for Collaborative Studies,M070
02M313,"James Baldwin School, The: A School for Expeditionary Learning",M440
02M316,"Urban Assembly School of Business for Young Women, the",M282
02M340,Sixth Avenue Elementary School,M340
02M343,The Peck Slip School,M343
02M347,The 47 American Sign Language & English Lower School,M047
02M374,Gramercy Arts High School,M460
02M376,NYC iSchool,M615
02M391,District 2 Pre-K Center,"M343, M391, M444, M453, M471, M474, M491, M860"
02M392,Manhattan Business Academy,M440
02M393,Business Of Sports School,M625
02M394,Emma Lazarus High School,M131
02M397,Spruce Street School,M971
02M399,The High School For Language And Diplomacy,M460
02M400,High School for Environmental Studies,M834
02M407,Institute for Collaborative Education,M475
02M408,Professional Performing Arts High School,M017
02M412,N.Y.C. Lab School for Collaborative Studies,M070
02M414,N.Y.C. Museum School,M070
02M419,Landmark High School,M440
02M420,High School for Health Professions and Human Services,M475
02M422,Quest to Learn,M440
02M427,Manhattan Academy For Arts & Language,M620
02M432,Murray Hill Academy,M620
02M437,Hudson High School of Learning Technologies,M440
02M438,International High School at Union Square,M460
02M449,Vanguard High School,M480
02M459,Manhattan International High School,M480
02M475,Stuyvesant High School,M477
02M500,Unity Center for Urban Technologies,M620
02M507,Urban Assembly Gateway School for Technology,M625
02M519,Talent Unlimited High School,M480
02M520,Murry Bergtraum High School for Business Careers,M520
02M533,Union Square Academy for Health Sciences,M460
02M542,Manhattan Bridges High School,M535
02M543,New Design High School,M445
02M544,Independence High School,M834
02M545,High School for Dual Language and Asian Studies,M445
02M546,Academy for Software Engineering,M460
02M560,High School M560 - City As School,M641
02M565,Urban Academy Laboratory High School,M480
02M580,Richard R. Green High School of Teaching,M282
02M586,Harvey Milk High School,M807
02M605,Humanities Preparatory Academy,M440
02M615,Chelsea Career and Technical Education High School,M615
02M630,Art and Design High School,M488
02M655,Life Sciences Secondary School,M645
02M896,Lower Manhattan Community Middle School,M282
02M933,City Knoll Middle School,M111
03M009,P.S. 009 Sarah Anderson,M009
03M075,P.S. 075 Emily Dickinson,M075
03M076,P.S. 076 A. Philip Randolph,M076
03M145,"P.S. 145, The Bloomingdale School",M145
03M149,P.S. 149 Sojourner Truth,M149
03M165,P.S. 165 Robert E. Simon,M165
03M185,The Locke School of Arts and Engineering,M185
03M241,STEM Institute of Manhattan,M113
03M242,P.S. 242 - The Young Diplomats Magnet Academy,M144
03M243,M.S. 243 Center School,M009
03M245,M.S. M245 The Computer School,M044
03M247,M.S. M247 Dual Language Middle School,M044
03M250,M.S. 250 West Side Collaborative Middle School,M075
03M256,Lafayette Academy,M118
03M258,Community Action School - MS 258,M118
03M299,The Maxine Greene HS for Imaginative Inquiry,M490
03M307,"Urban Assembly School for Media Studies, The",M490
06M368,Hamilton Heights School,M153
03M333,P.S. 333 Manhattan School for Children,M118
03M334,The Anderson School,M044
03M402,The Urban Assembly School for Green Careers,M470
03M403,The Global Learning Collaborative,M470
03M404,Innovation Diploma Plus,M470
03M415,Wadleigh Secondary School for the Performing & Visual Arts,M088
03M417,Frank McCourt High School,M470
03M421,West Prep Academy,M145
03M479,Beacon High School,M912
03M492,"High School for Law, Advocacy and Community Justice",M490
03M494,High School of Arts and Technology,M490
03M505,Edward A. Reynolds West Side High School,M506
03M541,Manhattan / Hunter Science High School,M490
03M859,Special Music School,"M490, M932"
03M860,Frederick Douglass Academy II Secondary School,M088
03M862,Mott Hall II,M165
04M012,Tag Young Scholars,M117
04M037,River East Elementary,M045
04M038,P.S. 38 Roberto Clemente,M121
04M083,P.S. 083 Luis Munoz Rivera,M083
04M102,P.S. 102 Jacques Cartier,M102
04M108,P.S. 108 Assemblyman Angelo Del Toro Educational Complex,M108
04M112,P.S. 112 Jose Celso Barbosa,M112
04M146,P.S. 146 Ann M. Short,M146
04M155,P.S. 155 William Paca,M155
04M182,The Bilingual Bicultural School,M083
04M206,P.S. 206 Jose Celso Barbosa,M112
04M224,M.S. 224 Manhattan East School for Arts & Academics,M099
04M310,The Judith S. Kaye School,"M646, Q142"
04M372,Esperanza Preparatory Academy,M117
04M375,Mosaic Preparatory Academy,M101
04M377,Renaissance School of the Arts,M155
04M435,Manhattan Center for Science and Mathematics,M435
04M497,Central Park East I,M013
04M555,Central Park East High School,M013
04M825,Isaac Newton Middle School for Math & Science,M435
04M964,Central Park East II,M050
05M030,P.S. 030 Hernandez/Hughes,M030
05M092,P.S. 092 Mary McLeod Bethune,M092
05M123,P.S. 123 Mahalia Jackson,M123
05M125,P.S. 125 Ralph Bunche,M125
05M129,P.S. 129 John H. Finley,M129
05M148,Eagle Academy for Young Men of Harlem,M136
05M154,P.S. 154 Harriet Tubman,M154
05M157,The Urban Assembly School for Global Commerce,M501
05M175,P.S. 175 Henry H Garnet,M175
05M194,P.S. 194 Countee Cullen,M194
05M197,P.S. 197 John B. Russwurm,M197
05M200,P.S. 200- The James McCune Smith School,M200
05M285,Harlem Renaissance High School,M911
05M286,Urban Assembly Academy for Future Leaders,M043
05M304,Mott Hall High School,M136
05M362,Columbia Secondary School,M125
05M369,Urban Assembly School for the Performing Arts,M043
05M371,School of Earth Exploration and Discovery Harlem (SEED Harlem),M129
05M514,New Design Middle School,M195
06M052,Harold O. Levy School,M052
06M103,Dos Puentes Elementary School,M132
06M115,P.S. 115 Alexander Humboldt,M115
06M128,P.S. 128 Audubon,M128
06M132,P.S. 132 Juan Pablo Duarte,M132
06M143,J.H.S. 143 Eleanor Roosevelt,M143
06M153,P.S. 153 Adam Clayton Powell,M153
06M173,P.S. 173,M173
06M189,P.S. 189,M189
06M192,P.S. 192 Jacob H. Schiff,M192
06M209,Hamilton Grange Middle School,M192
06M211,Inwood Early College for Health and Information Technologies,M052
06M293,City College Academy of the Arts,M218
06M311,Amistad Dual Language School,M176
06M314,Muscota,M176
06M319,M.S. 319 - Maria Teresa,M090
06M322,Middle School 322,M218
06M324,M.S. 324 - Patria Mirabal,M090
06M328,Community Math & Science Prep,M164
06M348,Washington Heights Expeditionary Learning School,M143
06M349,Harbor Heights,M173
06M423,High School for Excellence and Innovation,M052
06M462,The College Academy,M465
06M463,High School for Media and Communications,M465
06M467,High School for Law and Public Service,M465
06M468,High School for Health Careers and Sciences,M465
06M513,Castle Bridge School,M128
07X030,P.S. 030 Wilton,X030
07X031,P.S./M.S. 031 The William Lloyd Garrison,X151
07X043,P.S. 043 Jonas Bronck,X043
07X049,P.S. 049 Willis Avenue,X049
07X065,P.S. 065 Mother Hale Academy,X065
07X151,J.H.S. 151 Lou Gehrig,X151
07X154,P.S. 154 Jonathan D. Hyatt,X154
07X161,P.S. 161 Juan Ponce De Leon School,X161
07X179,P.S. 179,X040
07X221,South Bronx Preparatory: A College Board School,X149
07X223,The Laboratory School of Finance and Technology: X223,X149
07X224,P.S./I.S. 224,X139
07X259,"H.E.R.O. High (Health, Education, and Research Occupations High School)",X655
07X277,P.S. 277,X027
07X296,South Bronx Academy for Applied Media,X184
07X298,Academy of Public Relations,X184
07X334,International Community High School,X139
07X343,Academy of Applied Mathematics and Technology,X139
07X359,Concourse Village Elementary School,X156
07X369,Young Leaders Elementary School,X040
07X379,Jill Chaifetz Transfer High School,X184
07X381,Bronx Haven High School,X600
07X427,Community School for Social Justice,X884
07X473,Mott Haven Village Preparatory High School,X470
07X495,University Heights Secondary School,X470
07X500,Hostos-Lincoln Academy of Science,X162
07X522,Bronx Design and Construction Academy,X600
07X527,Bronx Leadership Academy II High School,X790
07X548,Careers in Sports High School,X790
07X551,The Urban Assembly Bronx Academy of Letters,X183
07X557,Mott Haven Community High School,X655
07X584,I.S. 584,X162
07X600,Alfred E. Smith Career and Technical Education High School,X600
07X625,Walkabout Bronx High School,X790
07X670,Health Opportunities High School,X884
08X075,P.S. 75 School of Research and Discovery,X075
08X093,P.S. 093 Albert G. Oliver,X093
08X101,M.S. X101 Edward R. Byrne,X101
08X107,P.S. 107,X107
08X119,The Dr. Emmett W. Bassett School,"X119, X125"
08X123,J.H.S. 123 James M. Kieran,X123
08X131,J.H.S. 131 Albert Einstein,X131
08X140,P.S. X140 The Eagle School,X140
08X146,P.S. 146 Edward Collins,X146
08X282,Women's Academy of Excellence,X174
08X293,Renaissance High School for Musical Theater and the Arts,X405
08X301,M.S. 301 Paul L. Dunbar,X120
08X302,M.S. 302 Luisa Dessus Cruz,X052
08X304,P.S. 304 Early Childhood School,X101
08X312,Millennium Art Academy,X450
08X320,Pelham Lab High School,X405
08X333,The Longwood Academy of Discovery,X060
08X337,The School for Inquiry and Social Justice,X123
08X348,Schuylerville Preparatory High School,X405
08X349,Bronx River High School,X405
08X367,"Archimedes Academy for Math, Science and Technology Applications",X174
08X371,Urban Institute of Mathematics,X192
08X375,The Bronx Mathematics Preparatory School,X174
08X376,Antonia Pantoja Preparatory Academy: A College Board School,X450
08X377,Bronx Community High School,X450
08X392,Bronx Delta School,X192
08X405,Herbert H. Lehman High School,X405
08X424,Bronx Academy for Multi-Media,X074
08X432,Bronx Bridges High School,X450
08X448,Soundview Academy for Culture and Scholarship,X131
08X452,Gotham Collaborative High School,X450
08X467,Mott Hall Community School,X192
08X530,Longwood Preparatory Academy,X039
08X537,Bronx Arena High School,X972
08X558,Westchester Square Academy,X405
08X559,School for Tourism and Hospitality,X650
08X561,Bronx Compass High School,X450
08X562,Blueprint Middle School,X125
09X004,P.S./M.S. 004 Crotona Park West,X004
09X022,J.H.S. 022 Jordan L. Mott,X022
09X042,P.S. 042 Claremont,X042
09X055,P.S. 055 Benjamin Franklin,X055
09X063,P.S. 063 Author's Academy,X063
09X073,P.S. 073 Bronx,X073
09X110,P.S. 110 Theodore Schoenfeld,X110
09X117,I.S. 117 Joseph H. Wade,X117
09X128,Mott Hall III,X110
09X204,P.S. 204 Morris Heights,X338
09X215,Kappa,X148
09X218,P.S./I.S. 218 Rafael Hernandez Dual Language Magnet School,X235
09X219,I.S. 219 New Venture School,X148
09X227,Bronx Collegiate Academy,X410
09X229,I.S. 229 Roland Patterson,X229
09X232,I.S. 232,X082
09X241,"Urban Assembly School for Applied Math and Science, The",X970
09X250,Eximius College Preparatory Academy: A College Board School,X002
09X252,Mott Hall Bronx High School,X970
09X260,Bronx Center for Science and Mathematics,X002
09X263,Validus Preparatory Academy,X970
09X274,The New American Academy at Roberto Clemente State Park,X229
09X294,The Walton Avenue School,X064
09X297,Morris Academy for Collaborative Studies,X400
09X303,I.S. X303 Leadership & Community Service,X082
09X311,Lucero Elementary School,X064
09X313,I.S. 313 School of Leadership Development,X147
09X323,Bronx Writing Academy,X022
09X324,Bronx Early College Academy for Teaching & Learning,X166
09X327,Comprehensive Model School Project M.S. 327,X240
09X328,New Millennium Bronx Academy of the Arts,X145
09X329,DreamYard Preparatory School,X410
09X339,I.S. 339,X147
09X350,New Directions Secondary School,X410
09X365,Academy for Language and Technology,X082
09X403,Bronx International High School,X400
09X404,School for Excellence,X400
09X412,Bronx High School of Business,X410
09X413,Bronx High School for Medical Science,X410
09X443,The Family School,X090
09X449,Grant Avenue Elementary School,X166
09X454,Science and Technology Academy: A Mott Hall School,X166
09X457,Sheridan Academy for Young Leaders,X090
09X517,Frederick Douglass Academy III Secondary School,X148
09X543,High School for Violin and Dance,X400
09X555,Mount Eden Children's Academy,X240
09X564,Claremont International HS,X410
09X568,Young Women's Leadership School of the Bronx,X117
09X582,Garden of Learning and Discovery Pre-K Center,"X073, X582"
09X593,South Bronx International Middle School,X145
09X594,M.S. 594,X145
10X015,P.S. X015 Institute for Environmental Learning,X015
10X020,"PS/MS 20 P.O.George J. Werdann, III",X020
10X045,Thomas C. Giordano Middle School 45,X045
10X046,P.S. 046 Edgar Allan Poe,X046
10X077,Bedford Park Elementary School,X177
10X080,J.H.S. 080 The Mosholu Parkway,X080
10X095,P.S. 095 Sheila Mencher,X095
10X213,Bronx Engineering and Technology Academy,X475
10X225,Theatre Arts Production Company School,X137
10X237,"The Marie Curie School for Medicine, Nursing, and Health Professions",X143
10X243,West Bronx Academy for the Future,X435
10X244,The New School for Leadership and Journalism,X143
10X264,Bronx Academy for Software Engineering (BASE),X660
10X268,Kingsbridge International High School,X430
10X280,P.S./M.S. 280 Mosholu Parkway,X080
10X284,Bronx School of Law and Finance,X475
10X291,P.S. 291,X015
10X306,P.S. 306,X306
10X331,The Bronx School of Young Leaders,X306
10X342,International School for Liberal Arts,X430
10X344,Ampark Neighborhood,X095
10X351,Bronx Collaborative High School,X440
10X353,World View High School,X440
10X368,In-Tech Academy (M.S. / High School 368),X368
10X374,Knowledge and Power Preparatory Academy International High School (Kappa),X435
10X382,"Elementary School for Math, Science, and Technology",X079
10X386,School for Environmental Citizenship,X079
10X390,M.S. 390,X026
10X391,The Angelo Patri Middle School,X137
10X396,P.S. 396,X026
10X397,English Language Learners and International Support Preparatory Academy (ELLIS),X475
10X433,High School for Teaching and the Professions,X430
10X434,Belmont Preparatory High School,X435
10X437,Fordham High School for the Arts,X435
10X438,Fordham Leadership Academy,X435
10X439,Bronx High School for Law and Community Service,X435
10X440,DeWitt Clinton High School,X440
10X442,"Celia Cruz Bronx High School of Music, The",X430
10X447,Creston Academy,X079
10X477,Marble Hill High School for International Studies,X475
10X524,Crotona International High School,X660
10X546,Bronx Theatre High School,X475
10X549,Discovery High School,X430
10X565,High School for Energy and Technology,X660
11X111,P.S. 111 Seton Falls,X111
11X127,J.H.S. 127 The Castle Hill,X127
11X144,J.H.S. 144 Michelangelo,X144
11X153,P.S. 153 Helen Keller,X153
11X160,P.S. 160 Walt Disney,X160
11X178,P.S. 178 - Dr. Selman Waksman,X178
11X181,I.S. 181 Pablo Casals,X181
11X189,Cornerstone Academy for Social Action,X189
11X194,P.S./M.S. 194,X194
11X249,Bronx Health Sciences High School,X455
11X253,Bronx High School for Writing and Communication Arts,X425
11X265,Bronx Lab School,X425
11X270,Academy for Scholarship and Entrepreneurship: A College Board School,X362
11X275,High School of Computers and Technology,X425
11X287,North Bronx School of Empowerment,X113
11X288,Collegiate Institute for Math and Science,X415
11X290,Bronx Academy of Health Careers,X425
11X299,Astor Collegiate Academy,X415
11X326,Bronx Green Middle School,X135
11X355,Bronx Alliance Middle School,X142
11X370,Leaders of Tomorrow,X113
11X418,Bronx High School for the Visual Arts,X839
11X455,Harry S Truman High School,X455
11X462,Cornerstone Academy for Social Action Middle School (CASA),X189
11X468,Pelham Academy of Academics and Community Engagement,X135
11X498,P.S./M.S. 11X498 - Van Nest Academy,X498
11X508,Bronxdale High School,X415
11X509,High School of Language and Innovation,X415
11X513,New World High School,X362
11X514,The Bronxwood Preparatory Academy,X362
11X529,One World Middle School at Edenwald,X142
11X532,Baychester Middle School,X142
11X542,Pelham Preparatory Academy,X415
11X544,High School for Contemporary Arts,X425
11X545,Bronx Aerospace High School,X425
11X556,Bronx Park Middle School,X135
11X566,Pelham Gardens Middle School,X144
11X567,Linden Tree Elementary School,X127
12X006,P.S. 006 West Farms,X006
12X044,P.S. 044 David C. Farragut,X044
12X057,P.S. 057 Crescent,X057
12X061,P.S. 061 Francisco Oller,X061
12X066,P.S. 066 School of Higher Expectations,X066
12X098,J.H.S. 098 Herman Ridder,X098
12X129,M.S. 129 Academy for Independent Learning and Leadership,X129
12X190,E.S.M.T- I.S. 190,X061
12X195,P.S. 195,X077
12X196,P.S. 196,X077
12X211,P.S. 211,X193
12X214,P.S. 214,X167
12X217,School of Performing Arts,X116
12X242,Mott Hall V,X423
12X251,Explorations Academy H.S.,X098
12X267,Bronx Latin,X158
12X273,Frederick Douglass Academy V. Middle School,X057
12X286,Fannie Lou Hamer Middle School,X066
12X300,The School of Science and Applied Learning,X129
12X314,Fairmont Neighborhood School,X050
12X316,Kappa III,X129
12X318,"I.S. X318 Math, Science & Technology Through Arts",X193
12X341,Accion Academy,X116
12X383,Emolior Academy,X167
12X388,Pan American International High School at Monroe,X420
12X446,Arturo A. Schomburg Satellite Academy Bronx,X401
12X458,Samara Community School,X050
12X463,Urban Scholars Community School,X198
12X478,The Cinema School,X423
12X479,Bronx Career and College Preparatory High School,X158
12X480,Bronx Regional High School,X401
12X511,Bronx Envision Academy,X098
12X521,The Metropolitan Soundview High School,X420
12X531,Archer Elementary School,X102
12X536,P.S. 536,X102
12X550,High School of World Cultures,X420
12X595,P.S. 595,X092
12X691,Bronx Little School,X102
13K044,P.S. 044 Marcus Garvey,K044
13K046,P.S. 046 Edward C. Blum,K046
13K054,P.S. 054 Samuel C. Barnes,K054
13K056,P.S. 056 Lewis H. Latimer,K056
13K067,P.S. 067 Charles A. Dorsey,K067
13K093,P.S. 093 William H. Prescott,K093
13K113,M.S. 113 Ronald Edmonds Learning Center,K113
13K133,P.S. 133 William A. Butler,K317
13K256,P.S. 256 Benjamin Banneker,K256
13K265,Dr. Susan S. McKinney Secondary School of the Arts,K265
13K266,M.S. K266 - Park Place Community Middle School,K902
13K270,P.S. 270 Johann DeKalb,K270
13K287,P.S. 287 Bailey K. Ashford,K287
13K301,Satellite East Middle School,K093
13K313,Dock Street School for STEAM Studies,K611
13K350,Urban Assembly School of Music and Art,K805
13K351,The Urban Assembly Unison School,K056
13K412,Brooklyn Community Arts & Media High School (BCAM),K117
13K419,"Science Skills Center High School for Science, Technology and the Creative Arts",K805
13K439,Brooklyn International High School,K805
13K483,The Urban Assembly School for Law and Justice,K313
13K527,Urban Assembly Institute of Math and Science for Young Women,K313
13K553,Brooklyn Academy High School,K458
13K594,Gotham Professional Arts Academy,K909
13K605,George Westinghouse Career and Technical Education High School,K580
13K616,Brooklyn High School for Leadership and Community Service,K117
13K674,"City Polytechnic High School of Engineering, Architecture, and Technology",K580
13K691,Fort Greene Preparatory Academy,K046
13K869,District 13 PRE-K Center,K611
13K915,I.S. 915,K580
14K016,P.S. 016 Leonard Dunkly,K016
14K017,P.S. 017 Henry D. Woodworth,K017
14K023,P.S. 023 Carter G. Woodson,K023
14K050,J.H.S. 050 John D. Wells,K050
14K059,P.S. 059 William Floyd,K059
14K071,Juan Morel Campos Secondary School,K071
14K120,P.S. 120 Carlos Tapia,K120
14K126,John Ericsson Middle School 126,K126
14K147,P.S. 147 Isaac Remsen,K147
14K196,P.S. 196 Ten Eyck,K196
14K297,P.S. 297 Abraham Stockton,K297
14K380,P.S. 380 John Wayne Elementary,K380
14K449,"Brooklyn Latin School, The",K049
14K454,The Williamsburg High School of Art and Technology,K049
14K474,PROGRESS High School for Professional Careers,K450
14K477,East Williamsburg Scholars Academy,K450
14K478,"The High School for Enterprise, Business and Technology",K450
14K488,Brooklyn Preparatory High School,K650
14K558,Williamsburg High School for Architecture and Design,K650
14K561,Williamsburg Preparatory School,K650
14K577,Conselyea Preparatory School,K017
14K582,M.S. 582,K196
14K586,Lyons Community School,K049
14K614,Young Women's Leadership School of Brooklyn,K147
15K088,J.H.S. 088 Peter Rouget,K088
15K130,P.S. 130 The Parkside,"K130, K437"
15K136,I.S. 136 Charles O. Dewey,K136
15K146,"The Brooklyn New School, P.S. 146",K142
15K295,P.S. 295,K845
15K429,Digital Arts and Cinema Technology High School,K293
15K442,M.S. 442 Carroll Gardens School for Innovation,K280
15K443,New Voices School of Academic & Creative Arts,K845
15K447,The Math & Science Exploratory School,K655
15K448,Brooklyn Collaborative Studies,K142
15K462,John Jay School for Law,K460
15K463,Cyberarts Studio Academy,K460
15K464,Park Slope Collegiate,K460
15K497,The Boerum Hill School for International Studies,K293
15K656,Brooklyn High School of the Arts,K655
15K667,Sunset Park High School,K564
15K676,Red Hook Neighborhood School,K027
15K684,Millennium Brooklyn HS,K460
15K821,Sunset Park Prep,K136
15K839,M.S. 839,K437
15K863,Pre-K Center at Bishop Ford School Site,K280
16K005,P.S. 005 Dr. Ronald McNair,K005
16K025,P.S. 025 Eubie Blake School,K025
16K026,P.S. 026 Jesse Owens,K026
16K035,M.S. 035 Stephen Decatur,K035
16K057,Whitelaw Reid Academy of Arts and Business,K057
16K081,P.S. 081 Thaddeus Stevens,K081
16K243,P.S. 243K- The Weeksville School,K243
16K262,P.S. 262 El Hajj Malik El Shabazz Elementary School,K262
16K267,"M.S. 267 Math, Science & Technology",K324
16K308,P.S. 308 Clara Cardwell,K308
16K309,P.S. 309 The George E. Wibecan Preparatory Academy,K309
16K335,P.S. 335 Granville T. Woods,K335
16K455,Boys and Girls High School,K455
16K627,Brighter Choice Community School,K304
16K628,Brooklyn Brownstone School,K035
16K669,Research and Service High School,K455
16K681,Madiba Prep Middle School,K026
16K688,The Brooklyn Academy of Global Finance,K057
16K765,Nelson Mandela High School,K455
16K898,The Brooklyn Green School,K335
17K002,Parkside Preparatory Academy,K002
17K012,Dr. Jacqueline Peek-Davis School,K012
17K061,M.S. 061 Dr. Gladstone H. Atwell,K061
17K092,P.S. 092 Adrian Hegeman,K092
17K122,Pathways in Technology Early College High School (P-Tech),K625
17K138,P.S. 138 Brooklyn,K138
17K161,P.S. 161 The Crown,K161
17K181,P.S. 181 Brooklyn,K181
17K191,P.S. 191 Paul Robeson,K191
17K221,P.S. 221 Toussaint L'Ouverture,K221
17K246,M.S. 246 Walt Whitman,K246
17K289,P.S. 289 George V. Brower,K289
17K316,P.S. 316 Elijah Stroud,K316
17K352,Ebbets Field Middle School,K320
17K353,Elijah Stroud Middle School,K316
17K354,The School of Integrated Learning,K390
17K375,P.S. 375 Jackie Robinson School,K320
17K382,Academy for College Preparation and Career Exploration: A College Board School,K465
17K394,M.S. K394,K210
17K398,P.S. 398 Walter Weaver,K398
17K408,Academy of Hospitality and Tourism,K465
17K484,Ronald Edmonds Learning Center II,K012
17K524,International High School at Prospect Heights,K440
17K528,The High School for Global Citizenship,K440
17K531,"School for Human Rights, The",K470
17K532,New Bridges Elementary,K167
17K537,High School for Youth and Community Development at Erasmus,K465
17K539,High School for Service & Learning at Erasmus,K465
17K543,"Science, Technology and Research Early College High School at Erasmus",K465
17K546,High School for Public Service: Heroes of Tomorrow,K470
17K547,Brooklyn Academy of Science and the Environment,K440
17K548,Brooklyn School for Music & Theatre,K440
17K568,Brownsville Academy High School,K907
17K590,Medgar Evers College Preparatory School,K590
17K600,Clara Barton High School,K600
17K646,Aspirations Diploma Plus High School,K824
17K705,Brooklyn Arts and Science Elementary School,K022
17K722,New Heights Middle School,K391
17K745,Brooklyn Institute for Liberal Arts,K470
17K751,Academy for Health Careers,K625
17K770,P.S. 770 New American Academy,K398
18K066,P.S. 66,K066
18K068,I.S. 068 Isaac Bildersee,K068
18K114,P.S. 114 Ryder Elementary,K114
18K135,P.S. 135 Sheldon A. Brookner,"K135, K855"
18K211,I.S. 211 John Wilson,K211
18K219,P.S. 219 Kennedy-King,K219
18K233,P.S. 233 Langston Hughes,K233
18K235,P.S. 235 Janice Marie Knight School,"K235, K242, K855"
18K244,P.S. 244 Richard R. Green,K244
18K279,P.S. 279 Herman Schreiber,K279
18K563,It Takes a Village Academy,K415
18K566,Brooklyn Community High School for Excellence and Equity,K515
18K567,Brooklyn Theatre Arts High School,K515
18K569,Kurt Hahn Expeditionary Learning School,K415
18K576,Victory Collegiate High School,K515
18K578,Brooklyn Bridge Academy,K515
18K581,"The Middle School of Media, Law and Fine Arts",K232
18K588,Middle School for Art and Philosophy,K252
18K617,High School for Innovation in Advertising and Media,K500
18K629,Cultural Academy for the Arts and Sciences,K415
18K633,High School for Medical Professions,K500
18K635,Olympus Academy,K242
18K637,Academy for Conservation and the Environment,K515
18K642,Urban Action Academy,K500
18K763,Brooklyn Science and Engineering Academy,K244
19K013,P.S. 013 Roberto Clemente,K013
19K065,P.S. 065,K798
19K171,I.S. 171 Abraham Lincoln,K171
19K190,P.S. 190 Sheffield,K190
19K202,P.S. 202 Ernest S. Jenkyns,K202
19K213,P.S. 213 New Lots,K213
19K218,J.H.S. 218 James P. Sinnott,K218
19K224,P.S. 224 Hale A. Woodruff,K224
19K273,P.S. 273 Wortman,K273
19K292,J.H.S. 292 Margaret S. Douglas,K292
19K306,P.S. 306 Ethan Allen,K306
19K328,P.S. 328 Phyllis Wheatley,K328
19K346,P.S. 346 Abe Stark,K346
19K404,Academy for Young Writers,K422
19K409,East New York Family Academy,K660
19K422,Spring Creek Community School,K422
19K452,Frederick Douglass Academy VIII Middle School,K346
19K502,FDNY - Captain Vernon A. Richard High School for Fire and Life Safety,K435
19K504,High School for Civil Rights,K435
19K507,Performing Arts and Technology High School,K435
19K510,World Academy for Total Community Health High School,K435
19K557,Brooklyn Gardens Elementary School,K174
19K583,Multicultural High School,K420
19K618,Academy of Innovative Technology,K420
19K639,Brooklyn Lab School,K420
19K654,Van Siclen Community Middle School,K166
19K659,Cypress Hills Collegiate Preparatory School,K420
19K660,W. H. Maxwell Career and Technical Education High School,K660
19K661,Vista Academy,K302
19K662,Liberty Avenue Middle School,K302
19K663,School of the Future Brooklyn,K174
19K677,East New York Elementary School of Excellence,K072
19K678,East New York Middle School of Excellence,K072
19K683,School for Classics High School,K218
19K760,Highland Park Community School,K171
19K764,The Urban Assembly School for Collaborative Healthcare,K420
19K907,Legacy School of the Arts,K190
19K938,P.S. 938,K667
19K953,The East New York Arts and Civics High School,K166
20K030,P.S./I.S. 30 Mary White Ovington,"K331, K940"
20K163,P.S. 163 Bath Beach,K807
20K164,P.S. 164 Caesar Rodney,K164
20K180,The SEEALL Academy,K180
20K192,P.S. 192 - The Magnet School for Math and Science Inquiry,K192
20K223,J.H.S. 223 The Montauk,K223
20K264,P.S. 264 Bay Ridge Elementary School For The Arts,K264
20K485,High School of Telecommunication Arts and Technology,K485
20K503,P.S. 503: The School of Discovery,K314
20K506,P.S. 506: The School of Journalism & Technology,K314
20K609,Urban Assembly School for Leadership and Empowerment,K223
20K682,The Academy of Talented Scholars,K237
20K686,Brooklyn School of Inquiry,K237
20K936,MS 936 Arts Off 3rd,K746
20K939,Sunset School of Cultural Learning,K746
21K096,I.S. 096 Seth Low,K096
21K100,P.S. 100 The Coney Island School,K100
21K128,P.S. 128 Bensonhurst,K128
21K215,P.S. 215 Morris H. Weiss,K215
21K225,P.S. K225 - The Eileen E. Zaglin,K225
21K238,P.S. 238 Anne Sullivan,K238
21K281,I.S. 281 Joseph B Cavallaro,K281
21K303,I.S. 303 Herbert S. Eisenberg,K303
21K329,P.S. 329 Surfside,K329
21K337,International High School at Lafayette,K400
21K344,Rachel Carson High School for Coastal Studies,K303
21K348,High School of Sports Management,K400
21K410,Abraham Lincoln High School,K410
21K468,Kingsborough Early College School,K400
21K525,Edward R. Murrow High School,K525
21K540,John Dewey High School,K540
21K559,Life Academy High School for Film and Music,K400
21K572,Leaders High School,K400
21K690,Brooklyn Studio Secondary School,K128
22K014,J.H.S. 014 Shell Bank,K014
22K078,J.H.S. 078 Roy H. Mann,K078
22K109,P.S. 109,K395
22K152,School of Science & Technology,K152
22K236,P.S. 236 Mill Basin,K236
22K240,Andries Hudde,K240
22K315,P.S. K315,K152
22K381,I. S. 381,K240
22K535,Leon M. Goldstein High School for the Sciences,K535
22K555,Brooklyn College Academy,"K555, K917"
22K611,Origins High School,K495
22K630,Professional Pathways High School,K495
22K889,P.S. 889,K338
22K890,M.S. 890,K338
23K150,P.S. 150 Christopher,K150
23K156,P.S. 156 Waverly,K356
23K178,P.S. 178 Saint Clair Mckelway,K178
23K284,"The Gregory Jocko Jackson School of Sports, Art, and Technology",K284
23K298,P.S. 298 Dr. Betty Shabazz,K298
23K323,P.S./I.S. 323,K263
23K327,P.S. 327 Dr. Rose B. English,K327
23K363,Brownsville Collaborative Middle School,K298
23K392,I.S. 392,K356
23K401,Christopher Avenue Community School,K332
23K446,Riverdale Avenue Community School,K183
23K493,Brooklyn Collegiate: A College Board School,K055
23K514,Frederick Douglass Academy VII High School,K175
23K518,Kappa V (Knowledge and Power Preparatory Academy),K275
23K522,Mott Hall IV,K271
23K599,Brooklyn Landmark Elementary School,K073
23K643,Brooklyn Democracy Academy,K275
23K644,Eagle Academy for Young Men II,K271
23K647,Metropolitan Diploma Plus High School,K275
23K664,Brooklyn Environmental Exploration School (BEES),K073
23K668,Riverdale Avenue Middle School,K183
23K671,Mott Hall Bridges Academy,K263
23K697,Teachers Preparatory High School,K175
24Q005,I.S. 5 - The Walter Crowley Intermediate School,Q005
24Q007,P.S. 007 Louis F. Simeone,"Q007, Q877"
24Q058,P.S. 58 - The School of Heroes,Q058
24Q110,P.S. 110,Q315
24Q128,"P.S. 128 The Lorraine Tuzzo, Juniper Valley Elementary School",Q247
24Q211,Elm Tree Elementary School,Q298
24Q236,International High School for Health Sciences,Q455
24Q239,P.S. 239,Q239
24Q264,Academy of Finance and Enterprise,Q735
24Q267,High School of Applied Communication,Q735
24Q290,A.C.E. Academy for Scholars at the Geraldine Ferraro Campus,Q290
24Q293,Civic Leadership Academy,Q744
24Q296,Pan American International High School,Q744
24Q299,Bard High School Early College Queens,Q735
24Q307,Pioneer Academy,Q260
24Q311,Corona Arts & Sciences Academy,Q311
24Q331,Mosaic Pre-K Center,"Q007, Q298, Q321, Q348, Q364, Q368, Q372, Q373, Q378, Q391, Q392, Q412, Q414, Q422, Q437, Q777, Q906, Q974"
24Q455,Newtown High School,Q455
24Q485,Grover Cleveland High School,Q485
24Q520,Middle College High School at LaGuardia Community College,Q520
24Q530,International High School at LaGuardia Community College,Q520
24Q585,Maspeth High School,Q585
24Q744,VOYAGES Preparatory,Q744
25Q025,I.S. 025 Adrien Block,Q025
25Q130,P.S. 130,Q130
25Q154,P.S. 154 Queens,Q154
25Q169,P.S. 169 Bay Terrace,Q169
25Q189,J.H.S. 189 Daniel Carter Beard,Q189
25Q209,P.S. 209 Clearview Gardens,Q209
25Q237,I.S. 237,Q237
25Q240,Veritas Academy,Q460
25Q241,Queens High School for Language Studies,Q460
25Q250,I.S. 250 The Robert F. Kennedy Community Middle School,Q168
25Q252,"Queens School of Inquiry, The",Q168
25Q263,Flushing International High School,Q189
25Q281,East-West School of International Studies,Q237
25Q285,World Journalism Preparatory: A College Board School,Q025
25Q294,BELL Academy,Q169
25Q460,Flushing High School,Q460
25Q499,"The Queens College School for Math, Science and Technology",Q499
25Q525,Townsend Harris High School,Q515
26Q026,P.S. 026 Rufus King,Q026
26Q041,P.S. 041 Crocheron,Q041
26Q186,P.S. 186 Castlewood,Q186
26Q191,P.S. 191 Mayflower,Q191
26Q205,P.S. 205 Alexander Graham Bell,Q205
26Q213,P.S. 213 The Carl Ullman School,Q213
26Q266,P.S./I.S. 266,Q266
26Q315,Business Technology Early College High School,Q435
26Q430,Francis Lewis High School,Q430
26Q435,Martin Van Buren High School,Q435
26Q566,"Queens High School of Teaching, Liberal Arts and the Sciences",Q566
27Q042,P.S./M.S 042 R. Vernam,Q042
27Q043,P.S. 043,Q043
27Q053,M.S. 053 Brian Piccolo,Q053
27Q202,J.H.S. 202 Robert H. Goddard,Q202
27Q223,P.S. 223 Lyndon B. Johnson,Q223
27Q226,J.H.S. 226 Virgil I. Grissom,Q226
27Q253,P.S. 253,Q253
27Q254,P.S. 254 - The Rosa Parks School,Q254
27Q260,Frederick Douglass Academy VI High School,Q465
27Q261,Voyages Prep - South Queens,Q400
27Q262,Channel View School for Research,Q410
27Q282,Knowledge and Power Preparatory Academy VI,Q465
27Q297,Hawtree Creek Middle School,Q226
27Q302,"Queens High School for Information, Research, and Technology",Q465
27Q308,Robert H. Goddard High School of Communication Arts and Technology,Q202
27Q309,Academy of Medical Technology: A College Board School,Q465
27Q314,Epic High School - South,Q226
27Q317,Waterside Children's Studio School,Q225
27Q318,Waterside School For Leadership,Q225
27Q319,Village Academy,Q053
27Q324,Rockaway Park High School for Environmental Sustainability,Q410
27Q333,Goldie Maple Academy,Q198
27Q351,Rockaway Collegiate High School,Q410
27Q377,P.S. 377,Q335
27Q400,August Martin High School,Q400
27Q475,Richmond Hill High School,Q475
27Q480,John Adams High School,Q480
27Q650,"High School for Construction Trades, Engineering and Architecture",Q650
28Q008,J.H.S. 008 Richard S. Grossley,Q008
28Q040,P.S. 040 Samuel Huntington,Q040
28Q048,P.S. 048 William Wordsworth,Q276
28Q072,Catherine & Count Basie Middle School 72,Q072
28Q167,Metropolitan Expeditionary Learning School,Q686
28Q182,P.S. 182 Samantha Smith,Q277
28Q284,York Early College Academy,Q008
28Q287,The Emerson School,Q008
28Q310,Queens Collegiate: A College Board School,Q470
28Q312,Jamaica Children's School,Q040
28Q325,Hillside Arts & Letters Academy,Q470
28Q328,High School for Community Leadership,Q470
28Q332,Redwood Middle School,Q072
28Q338,Queens Satellite High School for Opportunity,Q595
28Q349,The Queens School for Leadership and Excellence,Q314
28Q350,Jamaica Gateway to the Sciences,Q470
28Q358,M.S. 358,Q314
28Q680,Queens Gateway to Health Sciences Secondary School,Q695
28Q686,Queens Metropolitan High School,Q686
28Q690,High School for Law Enforcement and Public Safety,Q690
29Q035,P.S. 035 Nathaniel Woodhull,Q035
29Q037,Cynthia Jenkins School,Q037
29Q059,I.S. 059 Springfield Gardens,Q059
29Q131,P.S. 131 Abigail Adams,"Q035, Q131"
29Q134,P.S. 134 Hollis,Q134
29Q136,P.S. 136 Roy Wilkins,Q136
29Q138,P.S./M.S. 138 Sunrise,Q138
29Q147,P.S./M.S. 147 Ronald McNair,Q147
29Q156,P.S. 156 Laurelton,Q156
29Q192,I.S. 192 The Linden,Q192
29Q208,P.S./I.S. 208,Q208
29Q238,I.S. 238 - Susan B. Anthony Academy,Q238
29Q243,Institute for Health Professions at Cambria Heights,Q490
29Q248,Queens Preparatory Academy,Q420
29Q251,P.S. 251 Queens,Q231
29Q259,Pathways College Preparatory School: A College Board School,Q192
29Q265,Excelsior Preparatory High School,Q420
29Q268,P.S./I.S. 268,Q268
29Q270,The Gordon Parks School,Q270
29Q272,George Washington Carver High School for the Sciences,Q420
29Q283,Preparatory Academy for Writers: A College Board School,Q420
29Q289,Queens United Middle School,Q156
29Q295,P.S./I.S. 295,Q263
29Q313,Benjamin Franklin High School for Finance & Information Technology,Q490
29Q355,Collaborative Arts Middle School,Q231
29Q356,Community Voices Middle School,Q231
29Q492,"Mathematics, Science Research and Technology Magnet High School",Q490
29Q498,Humanities & Arts Magnet High School,Q490
30Q017,P.S. 017 Henry David Thoreau,Q017
30Q076,P.S. 076 William Hallet,Q076
30Q078,P.S./I.S. 78Q,"Q312, Q868"
30Q111,P.S. 111 Jacob Blackwell,Q111
30Q126,Albert Shanker School for Visual and Performing Arts,Q126
30Q204,I.S. 204 Oliver W. Holmes,Q204
30Q234,P.S. 234,Q234
30Q235,Academy for New Americans,Q234
30Q258,Energy Tech High School,Q204
30Q291,Hunters Point Community Middle School,Q404
30Q300,The 30th Avenue School (G&T Citywide),"Q017, Q126"
30Q301,Academy for Careers in Television and Film,Q404
30Q384,P.S. 384,Q972
30Q389,District 30 Pre-K Center,"Q389, Q397, Q868, Q972"
30Q450,Long Island City High School,Q452
30Q501,Frank Sinatra School of the Arts High School,Q570
30Q502,Information Technology High School,Q725
30Q555,Newcomers High School,Q450
30Q575,Academy of American Studies,Q450
31R002,I.S. R002 George L. Egbert,R002
31R004,P.S. 004 Maurice Wollin,R004
31R006,P.S. 6 Corporal Allan F. Kivlehan School,R006
31R007,I.S. 007 Elias Bernstein,R007
31R010,Fort Hill Collaborative Elementary School,R016
31R016,P.S. 016 John J. Driscoll,R016
31R024,I.S. 024 Myra S. Barnes,R024
31R028,The Eagle Academy for Young Men of Staten Island,"R049, R082"
31R032,P.S. 032 The Gifford School,R032
31R036,P.S. 036 J. C. Drumgoole,R036
31R047,CSI High School for International Studies,R043
31R048,P.S. 048 William G. Wilcox,R071
31R049,I.S. 49 Berta A. Dreyfus,R049
31R058,Space Shuttle Columbia School,R058
31R061,I.S. 061 William A Morris,R061
31R063,Marsh Avenue School for Expeditionary Learning,R043
31R064,Gaynor McCown Expeditionary Learning School,R043
31R075,I.S. 075 Frank D. Paulo,R075
31R080,The Michael J. Petrides School,R880
31R440,New Dorp High School,R435
31R445,Port Richmond High School,R445
31R455,Tottenville High School,R455
31R861,Staten Island School of Civic Leadership,R861
32K168,The Brooklyn School for Math and Research,K480
32K291,J.H.S. 291 Roland Hayes,K291
32K347,I.S. 347 School of Humanities,K111
32K349,"I.S. 349 Math, Science & Tech.",K111
32K377,P.S. 377 Alejandrina B. De Gautier,K377
32K383,J.H.S. 383 Philippa Schuyler,K383
32K384,P.S. /I.S. 384 Frances E. Carter,K384
32K403,Academy for Excellence in Leadership,K480
32K549,The Brooklyn School for Social Justice,K480
32K552,The Academy of Urban Planning and Engineering,K480
32K554,All City Leadership Secondary School,K554
32K562,Evergreen Middle School for Urban Exploration,K296
32K564,Bushwick Community High School,K291
75K004,P.S. K004,"K007, K072, K081, K273, K395, K667, K798"
75K036,P.S. 36,"K192, K213, K224, K470, K857"
75K053,P.S. K053,"K088, K296, K384, K410, K422, K437, K535"
75K077,P.S. K077,"K164, K178, K555, K660, K902, K917"
75K140,P.S. K140,"K005, K021, K026, K258, K304"
75K141,P.S. K141,"K002, K035, K054, K071, K380"
75K231,P.S. K231,"K180, K215, K238, K264, K331"
75K368,P.S. 368,"K033, K120, K293, KBBY"
75K369,P.S. K369 - Coy L. Cox School,"K056, K067, K117, K261, K265, K313, K317, K369, K580"
75K370,P.S. 370,"K100, K237, K370, K445, K620, K807"
75K371,P.S. 371 - Lillian L. Rashkis,"K371, K485, K564"
75K372,P.S. 372 -The Children's School,"K113, K834"
75K373,P.S. 373 - Brooklyn Transition Center,"K148, K458, K804, K877, K909, K917, KBCA"
75K396,P.S. K396,"K167, K181, K263, K289, K327"
75K721,P.S. K721 - Brooklyn Occupational Training Center,"K231, K540, K722, KBSQ"
75K753,P.S. K753 - School for Career Development,"K061, K085, K232, K500, K600"
75K771,P.S. K771,"K014, K066, K225, K236, K303, K329, K128"
75K811,P.S. K811 Connie Lekas School,"K014, K281, K286, K525"
75M035,P.S. 035,"M058, M912, MANJ, MBGK"
75M079,P.S. M079 - Horan School,M079
75M094,P.S. M094,"M015, M061, M188, M276, M281, M338, M340, M971"
75M138,P.S. 138,"M030, M033, M048, M090, M108, M114, M117, M189, M380, M535"
75M169,P.S. M169 - Robert F. Kennedy,"M102, M146, M169, M435, M488"
75M226,P.S. M226,"M076, M185, M475, M477, M480, M660, M824, M875, MAMX"
75M721,P.S. M721 - Manhattan Occupational Training Center,"M047, M615, M641, M844, M883"
75M751,Manhattan School for Career Development,"M323, M440, M600, M751, M807, MBCW, MBEU"
75M811,P.S. M811 - Mickey Mantle School,"M101, M149, M155, M163, M200, M841"
75Q004,P.S. Q004,"Q138, Q161, Q179, Q213, Q270, Q667"
75Q009,P.S. 009,"Q005, Q009, Q058, Q209, Q268, Q277, Q882"
75Q075,Robert E. Peary School,"Q048, Q075, Q093, Q223, Q254, Q276, Q239"
75Q177,P.S. Q177,"Q139, Q177, Q190, Q263"
75Q224,P.S. Q224,"Q026, Q186, Q205, Q266, Q809"
75Q233,P.S. Q233,"Q025, Q042, Q134, Q142, Q226, Q335, Q650, Q686, Q835"
75Q255,P.S. Q255,"Q007, Q154, Q168, Q247, Q260, Q397, Q515, Q885, Q908"
75Q256,P.S. Q256,"Q043, Q114, Q198, Q253, Q410, Q816, QBHF, Q438"
75Q277,The Riverview School,"Q076, Q204, Q290, Q311, Q312, Q314, Q315, Q322, Q404, Q485, Q777"
75Q721,John F. Kennedy Jr. School,"Q585, Q722, Q725, QBFD, Q269"
75Q752,Queens Transition Center,"Q142, Q400, Q620, Q690, Q695, Q744"
75Q811,P.S. Q811,"Q037, Q136, Q147, Q227, Q405, Q430, Q566, Q811"
75Q993,P.S. Q993,"Q041, Q072, Q130, Q191, Q208, Q415, Q452, Q499, Q570"
75R025,South Richmond High School I.S./P.S. 25,"R007, R025, R034, R061, R075, R435, R445, R450, R455, R119, R826, RADL, R083"
75R037,The David Marquis School of the Arts,"R002, R004, R030, R032, R036, R840, R880, R089"
75R373,P.S. R373,"R006, R040, R058, R061, R071, R861, R884"
75R721,The Richard H. Hungerford School,"R024, R043, R435, R455, R600, R722, R843"
75X010,P.S. X010,"X015, X026, X060, X101, X129, X162, X240, X415, X817, X823"
75X012,P.S. X012 Lewis and Clark School,"X012, X125, X358"
75X017,P.S. X017,"X043, X156, X161, X174, X184, X450"
75X168,P.S. 168,"X020, X160, X183, X194, X440, X842"
75X176,P.S. X176,"X181, X425, X455, X980"
75X186,P186X Walter J. Damrosch School,"X136, X140, X146, X306, X392, X973"
75X188,P.S. X188,"X034, X120, X198, X790"
75X352,The Vida Bogart School for All Children,"X006, X040, X074, X075, X092"
75X469,P469X - The Bronx School for Continuous Learners,"X027, X042, X046, X147, X177, X410, X855"
75X596,P.S. X596,"X153, X178, X498"
75X721,P.S. X721 - Stephen McSweeney School,"X368, X405, X423, X440, X722"
75X723,P.S. 723,"X049, X099, X189, X235, X338, X425, X701, X909, X927, XAHW, XAIF"
75X754,J. M. Rapport School Career Development,"X155, X184, x362"
75X811,P.S. X811,"X084, X839, XARY"
79M331,The Judith S. Kaye School - D79,"M646, Q142"
79M645,School for Cooperative Technical Education,"K500, M079, M646, M827, Q142, Q452, Q465, RAAC, X039"
84K730,Summit Academy Charter School,K027
79M973,Restart Academy,"K055, K824, KBJH, KCBV, KCQH, M056, M465, M834, MAKG, MASF, MASJ, MBMU, OAUX, OAUY, Q400, Q410, Q460, QARD, QBEX, QBHI, QBNO, R445, RAIP, X655, X897, XAL"
79Q950,Pathways to Graduation,"K148, K371, K410, K420, K428, K455, K458, K515, K525, K540, K554, K590, K871, K893, KAUS, KBJL, KBJO, KBJQ, KBJR, KBJS, KCAF, KCAL, KCHF, KCQJ, M058, M46"
84K037,Beginning with Children Charter School II,"K071, KABV"
84K125,Success Academy Charter School - Bed-Stuy 2,K059
84K129,Success Academy Charter School - Cobble Hill,K293
84K182,Success Academy Charter School - Williamsburg,K050
84K333,Explore Exceed Charter School,"K022, K320"
84K355,Williamsburg Collegiate Charter School,K016
84K356,Achievement First Crown Heights Charter School,"K391, K434"
84K357,KIPP AMP Charter School,K390
84K358,Achievement First East New York Charter School,"K013, K065, K111"
84K360,Launch Expeditionary Learning Charter School,K243
84K367,Success Academy Charter School - Bed-Stuy 1,K033
84K379,Explore Excel Charter School,"K068, K114"
84K395,New Visions A.I.M. Charter High School I,K907
84K406,"EMBER Charter School for Mindful Education, Innovation and Transformation","K262, K308"
84K517,Leadership Prep Bedford Stuyvesant Uncommon Prep Charter School,"K258, K458"
84K536,Community Roots Charter School,"K067, K287"
84K538,Achievement First Bushwick Charter School,"K296, K383"
84K608,Kings Collegiate Charter School,"K232, K252, K420"
84K626,Achievement First Brownsville Charter School,"K055, K292"
84K648,Bedford Stuyvesant Collegiate Charter School,K324
84K649,La Cima Charter School,K324
84K652,Brooklyn Ascend Charter School,"KBGH, KBIN, KBVT"
84K680,Achievement First Aspire Charter School,"K202, K306"
84K693,Northside Charter High School,K126
84K701,Brooklyn Charter School,K023
84K702,Community Partnership Charter School,"K256, K270"
84K704,Explore Charter School,K002
84K707,Brooklyn Prospect Charter School,"KAGI, KDHM"
84K710,Brownsville Collegiate Charter School,K150
84K711,Leadership Preparatory Brownsville Charter School,"K275, K284"
84K712,Excellence Girls Charter School,"K191, K309, K434"
84K724,Leadership Prep Canarsie Charter School (Leadership Prep CS 4),"K211, K279"
84K733,"Math, Engineering, and Science Academy Charter High School",K291
84K736,New American Academy Charter School,K233
84K737,Brownsville Ascend Charter School,KBVT
84K738,New Visions Charter High School for Advanced Math and Science III,K495
84K739,New Visions Charter High School for the Humanities III,K495
84K741,Success Academy Charter School - Crown Heights,"K161, K246"
84K742,Explore Empower Charter School,K210
84K744,Coney Island Preparatory Public Charter School,"K281, K303, KAEG"
84K752,Success Academy Charter School - Fort Greene,K265
84K756,Success Academy Charter School - Prospect Heights,"K138, K297"
84K757,Unity Prep Charter School,"K044, KCVL"
84K769,Hyde Leadership Charter School- Brooklyn,"K328, KCVM"
84K772,Success Academy Charter School - Bensonhurst - New York 3,K096
84K774,Achievement First Apollo Charter School,"K292, K302"
84K775,Leadership Preparatory Ocean Hill Charter School,"K332, K515"
84K777,Ocean Hill Collegiate Charter School,"K221, K271"
84K780,Brooklyn East Collegiate Charter School,K458
84K781,Success Academy Charter School - Bergen Beach - New York 4,"K078, K864"
84K784,Achievement First North Brooklyn Prep Charter School,K377
84K788,Achievement First Linden Charter School,"K166, K218"
84K789,Compass Charter School,K113
84K803,Brooklyn LAB Charter School,"KCVO, KCKX, KCSH"
84K876,Achievement First Voyager Charter School,K092
84K883,Success Academy Charter School - Bed Stuy 3,K025
84K892,Brooklyn Emerging Leaders Academy Charter School,K057
84K910,Cypress Hills Ascend Charter School,KAKT
84K911,Edmund W. Gordon Brooklyn Laboratory Charter School,"KCVO, KCKX, KCSH"
84K928,Brooklyn Prospect Charter School 15.2,"KAGI, KDHM"
84K929,East Brooklyn Ascend Charter School,KAKT
84K956,Lamad Academy Charter School,K219
84M065,Democracy Prep Endurance Charter School,"M154, MADR"
84M068,KIPP NYC Washington Heights Academy Charter School,"M090, M115"
84M080,Manhattan Charter School II,M056
84M168,East Harlem Scholars Academy Charter School II,M013
84M170,Success Academy Charter School - Hell's Kitchen,M625
84M174,Success Academy Charter School - Union Square,"M460, MBMO"
84M279,The Opportunity Charter School,M113
84M284,Harlem Children's Zone Promise Academy 1 Charter School,M908
84M320,Manhattan Charter School,M142
84M329,Harlem Link Charter School,M185
84M330,Girls Preparatory Charter School of New York,"M060, M188"
84M335,Harlem Village Academy East Charter School,"M045, M280"
84M336,KIPP Infinity Charter School,"M195, XAVN"
84M337,NYC Autism Charter School East Harlem,M050
84M338,WHIN Music Community Charter School,M164
84M341,Harlem Children's Zone Promise Academy II Charter School,"M908, MANO"
84M350,Democracy Prep Charter School,"M092, M197"
84M351,Success Academy Charter School - Harlem 1,"M088, M149, M620"
84M358,Success Academy Charter School - Hudson Yards,MBMO
84M380,Harlem Village Academy West 2 Charter School,MAGD
84M382,DREAM Charter School,"M050, MBEK, MBMF, MBMR"
84M384,Success Academy Charter School - Harlem 2,"M030, M043"
84M385,Success Academy Charter School - Harlem 3,"M099, M101, M620"
84M386,Success Academy Charter School - Harlem 4,M113
84M388,St. HOPE Leadership Academy Charter School,M092
84M433,Renaissance Charter High School for Innovation,M099
84M481,Democracy Prep Harlem Charter School,"M081, M501, MAYS"
84M482,Success Academy Charter School - Harlem 5,"M123, M175"
84M518,East Harlem Scholars Academy Charter School,"M645, MBMC"
84M523,Success Academy Charter School - Upper West,"M470, M625"
84M708,Harlem Prep Charter School,"M121, MADR"
84M709,Harlem Village Academy West Charter School,"M194, M280, MAGD, MBTD"
84M726,KIPP STAR College Prep Charter School,"M125, M195"
84M861,Future Leaders Institute Charter School,M144
84Q304,VOICE Charter School of New York,"Q111, QALJ"
84Q320,New Visions Charter High School for Advanced Math and Science IV,Q400
84Q337,Success Academy Charter School - Rosedale - New York 5,"Q374, Q238"
84Q339,Success Academy Charter School - Springfield Gardens - New York 6,Q059
84Q359,Academy of the City Charter School,"QABE, QARF"
84Q372,Growing Up Green Charter School II,"QACG, QBZP"
84Q373,New Visions Charter High School for the Humanities IV,Q410
84Q375,Success Academy Charter School - Far Rockaway,Q053
84Q388,New Dawn Charter High School II,QBZP
84R012,New Ventures Charter School,RAHR
84R067,John W. Lavelle Preparatory Charter School,RAHR
84R070,Lois and Richard Nicotra Early College Charter School,RAHR
84R076,Bridge Preparatory Charter School,R880
84X124,Children's Aid College Prep Charter School,"X193, XBBN"
84X133,Icahn Charter School 6,"X004, XADA"
84X177,Mott Hall Charter School,X063
84X200,New Visions A.I.M. Charter High School II,X401
84X202,New Visions Charter High School for Advanced Math and Science II,X650
84X208,New Visions Charter High School for the Humanities II,X655
84X345,Hyde Leadership Charter School,"X074, XATU"
84X346,South Bronx Classical Charter School,X116
84X362,Icahn Charter School 7,"X093, X107"
84X364,South Bronx Classical Charter School II,"XBVI, X154"
84X378,Icahn Charter School 2,X498
84X380,Success Academy Charter School - Bronx 3,"X039, X145"
84X389,Bronx Global Learning Institute for Girls Charter School,X156
84X393,University Prep Charter High School,X162
84X422,Icahn Charter School 3,XAGA
84X464,Success Academy Charter School - Bronx 4 - New York 2,X131
84X465,Boys Preparatory Charter School of New York,XBCA
84X471,American Dream Charter School,"X030, XAXQ"
84X482,Dr. Richard Izquierdo Health and Science Charter School,X158
84X484,Bronx Charter School for Better Learning II,X144
84X487,Girls Preparatory Charter School of the Bronx,"X052, X120"
84X488,The Equality Charter School,"X160, XADU"
84X491,Academic Leadership Charter School,"X065, X155"
84X493,Success Academy Charter School - Bronx 1,X183
84X494,Success Academy Charter School - Bronx 2,"X022, X055"
84X496,Icahn Charter School 4,XAGA
84X538,Icahn Charter School 5,XAGA
84X539,New Visions Charter High School for Advanced Math and Science,X475
84X553,New Visions Charter High School for the Humanities,X475
84X554,New York City Montessori Charter School,XAFI
84X579,Bronx Charter School for Excellence II,"XACO, XADW"
84X581,South Bronx Community Charter School,X790
84X587,NYC Autism Charter School Bronx,X198
84X588,South Bronx Classical Charter School IV,XBVI
84X589,Bronx Charter School for Excellence 3,XAEF
84X597,Urban Assembly Charter School for Computer Science,X420
84X598,KIPP Freedom Charter School,"XBVH, X044"
84X608,Bronx Charter School for Excellence 4,XAEF
84X609,Zeta Charter Schools - Bronx 1,XADS
84X611,AECI II: NYC Charter High School for Computer Engineering and Innovation,XAFI
84X614,DREAM Mott Haven Charter School,XBPP
84X615,University Prep Charter Middle School,X155
84X617,KIPP Bronx III Charter School,X045
84X620,Bronx Charter School for Excellence 5,XADW
84X623,Neighborhood Charter School: Bronx,XBPP
84X628,Brilla Charter School Caritas,XAEG
84X629,Brilla Charter School PAX,XAEG
84X630,Girls Preparatory Charter School of the Bronx II,XBCA
84X631,Zeta Charter School - Bronx 3,XADS
84X632,Zeta Charter School - Bronx 2,XADS
84X704,KIPP Academy Charter School,"X151, X790, XAVN"
84X718,Bronx Charter School for Better Learning,X111
84X730,Bronx Charter School for the Arts,"X972, XAFM"
